{"epoch": 22, "train_loss": 0.3657972840326173, "train_accuracy": 84.245960502693, "test_loss": 0.39581599334875744, "test_accuracy": 83.37825696316263, "confusion_matrix": {"_type": "image-file", "sha256": "8a9793a3d6bc10c697b51a23907fa75cc53d2d33ef58465d165b43fc2a01b04e", "size": 25553, "path": "media/images/confusion_matrix_21_8a9793a3d6bc10c697b5.png", "format": "png", "width": 640, "height": 480}, "_timestamp": 1721579685.2826178, "_runtime": 1611.4410877227783, "_step": 21, "_wandb": {"runtime": 1631}}