{"epoch": 10, "train_loss": 0.8876220524311066, "train_accuracy": 57.02423698384201, "test_loss": 0.9236333072185516, "test_accuracy": 55.43575920934411, "confusion_matrix": {"_type": "image-file", "sha256": "adfdcc5070858fa4698af9968866abad664f68bbd658a47f3c51bbe88f259059", "size": 21337, "path": "media/images/confusion_matrix_9_adfdcc5070858fa4698a.png", "format": "png", "width": 640, "height": 480}, "_timestamp": 1721618935.3241348, "_runtime": 1502.783392906189, "_step": 9, "_wandb": {"runtime": 1632}}