{"epoch": 100, "train_loss": 0.03477464267219018, "train_accuracy": 98.6983842010772, "test_loss": 3.9402799473868475, "test_accuracy": 51.302785265049415, "confusion_matrix": {"_type": "image-file", "sha256": "5dae3416c1ed2bd652820a8b729dd67cf23c982043ad693b14c8b495f7a76746", "size": 23296, "path": "media/images/confusion_matrix_99_5dae3416c1ed2bd65282.png", "format": "png", "width": 640, "height": 480}, "_timestamp": 1721593481.9963737, "_runtime": 8355.181287765503, "_step": 99, "_wandb": {"runtime": 8354}}